iter	Logloss
0	0.5034038244
1	0.4506126265
